<annotation>
	<folder>ảnh biển ô tô</folder>
	<filename>0511.jpg</filename>
	<path>C:\Users\VIP\OneDrive\Máy tính\ảnh biển ô tô\0511.jpg</path>
	<source>
		<database>Unknown</database>
	</source>
	<size>
		<width>600</width>
		<height>450</height>
		<depth>3</depth>
	</size>
	<segmented>0</segmented>
	<object>
		<name>0511</name>
		<pose>Unspecified</pose>
		<truncated>0</truncated>
		<difficult>0</difficult>
		<bndbox>
			<xmin>327</xmin>
			<ymin>235</ymin>
			<xmax>483</xmax>
			<ymax>339</ymax>
		</bndbox>
	</object>
</annotation>
