<annotation>
	<folder>ảnh biển ô tô</folder>
	<filename>0531.jpg</filename>
	<path>C:\Users\VIP\OneDrive\Máy tính\ảnh biển ô tô\0531.jpg</path>
	<source>
		<database>Unknown</database>
	</source>
	<size>
		<width>600</width>
		<height>450</height>
		<depth>3</depth>
	</size>
	<segmented>0</segmented>
	<object>
		<name>0531</name>
		<pose>Unspecified</pose>
		<truncated>0</truncated>
		<difficult>0</difficult>
		<bndbox>
			<xmin>245</xmin>
			<ymin>221</ymin>
			<xmax>377</xmax>
			<ymax>313</ymax>
		</bndbox>
	</object>
</annotation>
