<annotation>
	<folder>ảnh biển ô tô</folder>
	<filename>0571.jpg</filename>
	<path>C:\Users\VIP\OneDrive\Máy tính\ảnh biển ô tô\0571.jpg</path>
	<source>
		<database>Unknown</database>
	</source>
	<size>
		<width>600</width>
		<height>450</height>
		<depth>3</depth>
	</size>
	<segmented>0</segmented>
	<object>
		<name>0571</name>
		<pose>Unspecified</pose>
		<truncated>0</truncated>
		<difficult>0</difficult>
		<bndbox>
			<xmin>212</xmin>
			<ymin>170</ymin>
			<xmax>370</xmax>
			<ymax>286</ymax>
		</bndbox>
	</object>
</annotation>
