<annotation>
	<folder>ảnh biển ô tô</folder>
	<filename>0583.jpg</filename>
	<path>C:\Users\VIP\OneDrive\Máy tính\ảnh biển ô tô\0583.jpg</path>
	<source>
		<database>Unknown</database>
	</source>
	<size>
		<width>600</width>
		<height>450</height>
		<depth>3</depth>
	</size>
	<segmented>0</segmented>
	<object>
		<name>0583</name>
		<pose>Unspecified</pose>
		<truncated>0</truncated>
		<difficult>0</difficult>
		<bndbox>
			<xmin>194</xmin>
			<ymin>160</ymin>
			<xmax>313</xmax>
			<ymax>257</ymax>
		</bndbox>
	</object>
</annotation>
