<annotation>
	<folder>ảnh biển ô tô</folder>
	<filename>21.jpg</filename>
	<path>C:\Users\VIP\OneDrive\Máy tính\ảnh biển ô tô\21.jpg</path>
	<source>
		<database>Unknown</database>
	</source>
	<size>
		<width>286</width>
		<height>176</height>
		<depth>3</depth>
	</size>
	<segmented>0</segmented>
	<object>
		<name>21</name>
		<pose>Unspecified</pose>
		<truncated>0</truncated>
		<difficult>0</difficult>
		<bndbox>
			<xmin>117</xmin>
			<ymin>129</ymin>
			<xmax>188</xmax>
			<ymax>147</ymax>
		</bndbox>
	</object>
</annotation>
