<annotation>
	<folder>ảnh biển ô tô</folder>
	<filename>30.jpg</filename>
	<path>C:\Users\VIP\OneDrive\Máy tính\ảnh biển ô tô\30.jpg</path>
	<source>
		<database>Unknown</database>
	</source>
	<size>
		<width>277</width>
		<height>182</height>
		<depth>3</depth>
	</size>
	<segmented>0</segmented>
	<object>
		<name>30</name>
		<pose>Unspecified</pose>
		<truncated>0</truncated>
		<difficult>0</difficult>
		<bndbox>
			<xmin>111</xmin>
			<ymin>128</ymin>
			<xmax>171</xmax>
			<ymax>139</ymax>
		</bndbox>
	</object>
</annotation>
