<annotation>
	<folder>ảnh biển ô tô</folder>
	<filename>65.jpg</filename>
	<path>C:\Users\VIP\OneDrive\Máy tính\ảnh biển ô tô\65.jpg</path>
	<source>
		<database>Unknown</database>
	</source>
	<size>
		<width>300</width>
		<height>168</height>
		<depth>3</depth>
	</size>
	<segmented>0</segmented>
	<object>
		<name>65</name>
		<pose>Unspecified</pose>
		<truncated>0</truncated>
		<difficult>0</difficult>
		<bndbox>
			<xmin>193</xmin>
			<ymin>85</ymin>
			<xmax>234</xmax>
			<ymax>101</ymax>
		</bndbox>
	</object>
</annotation>
