<annotation>
	<folder>ảnh biển ô tô</folder>
	<filename>7.jpg</filename>
	<path>C:\Users\VIP\OneDrive\Máy tính\ảnh biển ô tô\7.jpg</path>
	<source>
		<database>Unknown</database>
	</source>
	<size>
		<width>279</width>
		<height>181</height>
		<depth>3</depth>
	</size>
	<segmented>0</segmented>
	<object>
		<name>7</name>
		<pose>Unspecified</pose>
		<truncated>0</truncated>
		<difficult>0</difficult>
		<bndbox>
			<xmin>76</xmin>
			<ymin>97</ymin>
			<xmax>96</xmax>
			<ymax>115</ymax>
		</bndbox>
	</object>
</annotation>
