<annotation>
	<folder>samples project</folder>
	<filename>0.jpg</filename>
	<path>/Users/danhloc/Desktop/samples project/0.jpg</path>
	<source>
		<database>Unknown</database>
	</source>
	<size>
		<width>1200</width>
		<height>675</height>
		<depth>3</depth>
	</size>
	<segmented>0</segmented>
	<object>
		<name>number-plate</name>
		<pose>Unspecified</pose>
		<truncated>0</truncated>
		<difficult>0</difficult>
		<bndbox>
			<xmin>400</xmin>
			<ymin>472</ymin>
			<xmax>719</xmax>
			<ymax>551</ymax>
		</bndbox>
	</object>
</annotation>
