<annotation>
	<folder>samples project</folder>
	<filename>1.jpg</filename>
	<path>/Users/danhloc/Desktop/samples project/1.jpg</path>
	<source>
		<database>Unknown</database>
	</source>
	<size>
		<width>660</width>
		<height>439</height>
		<depth>3</depth>
	</size>
	<segmented>0</segmented>
	<object>
		<name>number-plate</name>
		<pose>Unspecified</pose>
		<truncated>0</truncated>
		<difficult>0</difficult>
		<bndbox>
			<xmin>278</xmin>
			<ymin>369</ymin>
			<xmax>411</xmax>
			<ymax>401</ymax>
		</bndbox>
	</object>
</annotation>
