<annotation>
	<folder>samples project</folder>
	<filename>2.jpg</filename>
	<path>/Users/danhloc/Desktop/samples project/2.jpg</path>
	<source>
		<database>Unknown</database>
	</source>
	<size>
		<width>2048</width>
		<height>1536</height>
		<depth>3</depth>
	</size>
	<segmented>0</segmented>
	<object>
		<name>number-plate</name>
		<pose>Unspecified</pose>
		<truncated>0</truncated>
		<difficult>0</difficult>
		<bndbox>
			<xmin>576</xmin>
			<ymin>716</ymin>
			<xmax>1513</xmax>
			<ymax>964</ymax>
		</bndbox>
	</object>
</annotation>
