<annotation>
	<folder>samples project</folder>
	<filename>3.jpg</filename>
	<path>/Users/danhloc/Desktop/samples project/3.jpg</path>
	<source>
		<database>Unknown</database>
	</source>
	<size>
		<width>1200</width>
		<height>768</height>
		<depth>3</depth>
	</size>
	<segmented>0</segmented>
	<object>
		<name>number-plate</name>
		<pose>Unspecified</pose>
		<truncated>0</truncated>
		<difficult>0</difficult>
		<bndbox>
			<xmin>467</xmin>
			<ymin>288</ymin>
			<xmax>601</xmax>
			<ymax>321</ymax>
		</bndbox>
	</object>
</annotation>
