<annotation>
	<folder>samples project</folder>
	<filename>32130711-2042823582601010-4282-4612-7267-1525941646.jpg</filename>
	<path>/Users/danhloc/Desktop/samples project/32130711-2042823582601010-4282-4612-7267-1525941646.jpg</path>
	<source>
		<database>Unknown</database>
	</source>
	<size>
		<width>680</width>
		<height>408</height>
		<depth>3</depth>
	</size>
	<segmented>0</segmented>
	<object>
		<name>number-plate</name>
		<pose>Unspecified</pose>
		<truncated>0</truncated>
		<difficult>0</difficult>
		<bndbox>
			<xmin>324</xmin>
			<ymin>243</ymin>
			<xmax>445</xmax>
			<ymax>268</ymax>
		</bndbox>
	</object>
</annotation>
