<annotation>
	<folder>samples project</folder>
	<filename>4.jpg</filename>
	<path>/Users/danhloc/Desktop/samples project/4.jpg</path>
	<source>
		<database>Unknown</database>
	</source>
	<size>
		<width>900</width>
		<height>587</height>
		<depth>3</depth>
	</size>
	<segmented>0</segmented>
	<object>
		<name>number-plate</name>
		<pose>Unspecified</pose>
		<truncated>0</truncated>
		<difficult>0</difficult>
		<bndbox>
			<xmin>276</xmin>
			<ymin>382</ymin>
			<xmax>416</xmax>
			<ymax>484</ymax>
		</bndbox>
	</object>
</annotation>
