<annotation>
	<folder>samples project</folder>
	<filename>5.jpg</filename>
	<path>/Users/danhloc/Desktop/samples project/5.jpg</path>
	<source>
		<database>Unknown</database>
	</source>
	<size>
		<width>1728</width>
		<height>2048</height>
		<depth>3</depth>
	</size>
	<segmented>0</segmented>
	<object>
		<name>number-plate</name>
		<pose>Unspecified</pose>
		<truncated>0</truncated>
		<difficult>0</difficult>
		<bndbox>
			<xmin>701</xmin>
			<ymin>1314</ymin>
			<xmax>1071</xmax>
			<ymax>1392</ymax>
		</bndbox>
	</object>
</annotation>
