<annotation>
	<folder>samples project</folder>
	<filename>50183087102053666294827512877485632844726272o-1-15481518402581856129253.jpg</filename>
	<path>/Users/danhloc/Desktop/samples project/50183087102053666294827512877485632844726272o-1-15481518402581856129253.jpg</path>
	<source>
		<database>Unknown</database>
	</source>
	<size>
		<width>1791</width>
		<height>1343</height>
		<depth>3</depth>
	</size>
	<segmented>0</segmented>
	<object>
		<name>number-plate</name>
		<pose>Unspecified</pose>
		<truncated>0</truncated>
		<difficult>0</difficult>
		<bndbox>
			<xmin>654</xmin>
			<ymin>909</ymin>
			<xmax>1089</xmax>
			<ymax>1001</ymax>
		</bndbox>
	</object>
</annotation>
