<annotation>
	<folder>samples project</folder>
	<filename>51-1508.webp</filename>
	<path>/Users/danhloc/Desktop/samples project/51-1508.webp</path>
	<source>
		<database>Unknown</database>
	</source>
	<size>
		<width>600</width>
		<height>400</height>
		<depth>3</depth>
	</size>
	<segmented>0</segmented>
	<object>
		<name>number-plate</name>
		<pose>Unspecified</pose>
		<truncated>0</truncated>
		<difficult>0</difficult>
		<bndbox>
			<xmin>199</xmin>
			<ymin>268</ymin>
			<xmax>267</xmax>
			<ymax>318</ymax>
		</bndbox>
	</object>
</annotation>
