<annotation>
	<folder>samples project</folder>
	<filename>6.jpg</filename>
	<path>/Users/danhloc/Desktop/samples project/6.jpg</path>
	<source>
		<database>Unknown</database>
	</source>
	<size>
		<width>194</width>
		<height>259</height>
		<depth>3</depth>
	</size>
	<segmented>0</segmented>
	<object>
		<name>number-plate</name>
		<pose>Unspecified</pose>
		<truncated>0</truncated>
		<difficult>0</difficult>
		<bndbox>
			<xmin>71</xmin>
			<ymin>143</ymin>
			<xmax>120</xmax>
			<ymax>177</ymax>
		</bndbox>
	</object>
</annotation>
