<annotation>
	<folder>samples project</folder>
	<filename>7.jpg</filename>
	<path>/Users/danhloc/Desktop/samples project/7.jpg</path>
	<source>
		<database>Unknown</database>
	</source>
	<size>
		<width>600</width>
		<height>337</height>
		<depth>3</depth>
	</size>
	<segmented>0</segmented>
	<object>
		<name>number-plate</name>
		<pose>Unspecified</pose>
		<truncated>0</truncated>
		<difficult>0</difficult>
		<bndbox>
			<xmin>181</xmin>
			<ymin>168</ymin>
			<xmax>407</xmax>
			<ymax>220</ymax>
		</bndbox>
	</object>
</annotation>
