<annotation>
	<folder>samples project</folder>
	<filename>8.jpg</filename>
	<path>/Users/danhloc/Desktop/samples project/8.jpg</path>
	<source>
		<database>Unknown</database>
	</source>
	<size>
		<width>600</width>
		<height>600</height>
		<depth>3</depth>
	</size>
	<segmented>0</segmented>
	<object>
		<name>number-plate</name>
		<pose>Unspecified</pose>
		<truncated>0</truncated>
		<difficult>0</difficult>
		<bndbox>
			<xmin>131</xmin>
			<ymin>233</ymin>
			<xmax>361</xmax>
			<ymax>363</ymax>
		</bndbox>
	</object>
</annotation>
