<annotation>
	<folder>samples project</folder>
	<filename>9.jpg</filename>
	<path>/Users/danhloc/Desktop/samples project/9.jpg</path>
	<source>
		<database>Unknown</database>
	</source>
	<size>
		<width>600</width>
		<height>315</height>
		<depth>3</depth>
	</size>
	<segmented>0</segmented>
	<object>
		<name>number-plate</name>
		<pose>Unspecified</pose>
		<truncated>0</truncated>
		<difficult>0</difficult>
		<bndbox>
			<xmin>196</xmin>
			<ymin>156</ymin>
			<xmax>373</xmax>
			<ymax>293</ymax>
		</bndbox>
	</object>
</annotation>
