<annotation>
	<folder>samples project</folder>
	<filename>bien-so-xe-3.jpg</filename>
	<path>/Users/danhloc/Desktop/samples project/bien-so-xe-3.jpg</path>
	<source>
		<database>Unknown</database>
	</source>
	<size>
		<width>500</width>
		<height>283</height>
		<depth>3</depth>
	</size>
	<segmented>0</segmented>
	<object>
		<name>number-plate</name>
		<pose>Unspecified</pose>
		<truncated>0</truncated>
		<difficult>0</difficult>
		<bndbox>
			<xmin>222</xmin>
			<ymin>126</ymin>
			<xmax>310</xmax>
			<ymax>147</ymax>
		</bndbox>
	</object>
</annotation>
