<annotation>
	<folder>samples project</folder>
	<filename>download-6.jpg</filename>
	<path>/Users/danhloc/Desktop/samples project/download-6.jpg</path>
	<source>
		<database>Unknown</database>
	</source>
	<size>
		<width>192</width>
		<height>263</height>
		<depth>3</depth>
	</size>
	<segmented>0</segmented>
	<object>
		<name>number-plate</name>
		<pose>Unspecified</pose>
		<truncated>0</truncated>
		<difficult>0</difficult>
		<bndbox>
			<xmin>46</xmin>
			<ymin>99</ymin>
			<xmax>93</xmax>
			<ymax>134</ymax>
		</bndbox>
	</object>
</annotation>
