<annotation>
	<folder>samples project</folder>
	<filename>download-1.jpg</filename>
	<path>/Users/danhloc/Desktop/samples project/download-1.jpg</path>
	<source>
		<database>Unknown</database>
	</source>
	<size>
		<width>275</width>
		<height>183</height>
		<depth>3</depth>
	</size>
	<segmented>0</segmented>
	<object>
		<name>number-plate</name>
		<pose>Unspecified</pose>
		<truncated>0</truncated>
		<difficult>0</difficult>
		<bndbox>
			<xmin>93</xmin>
			<ymin>116</ymin>
			<xmax>180</xmax>
			<ymax>134</ymax>
		</bndbox>
	</object>
</annotation>
