<annotation>
	<folder>samples project</folder>
	<filename>download.jpg</filename>
	<path>/Users/danhloc/Desktop/samples project/download.jpg</path>
	<source>
		<database>Unknown</database>
	</source>
	<size>
		<width>225</width>
		<height>225</height>
		<depth>3</depth>
	</size>
	<segmented>0</segmented>
	<object>
		<name>number-plate</name>
		<pose>Unspecified</pose>
		<truncated>0</truncated>
		<difficult>0</difficult>
		<bndbox>
			<xmin>56</xmin>
			<ymin>145</ymin>
			<xmax>181</xmax>
			<ymax>169</ymax>
		</bndbox>
	</object>
</annotation>
