<annotation>
	<folder>samples project</folder>
	<filename>download-4.jpg</filename>
	<path>/Users/danhloc/Desktop/samples project/download-4.jpg</path>
	<source>
		<database>Unknown</database>
	</source>
	<size>
		<width>225</width>
		<height>225</height>
		<depth>3</depth>
	</size>
	<segmented>0</segmented>
	<object>
		<name>number-plate</name>
		<pose>Unspecified</pose>
		<truncated>0</truncated>
		<difficult>0</difficult>
		<bndbox>
			<xmin>52</xmin>
			<ymin>54</ymin>
			<xmax>210</xmax>
			<ymax>131</ymax>
		</bndbox>
	</object>
</annotation>
