<annotation>
	<folder>samples project</folder>
	<filename>images-31.jpg</filename>
	<path>/Users/danhloc/Desktop/samples project/images-31.jpg</path>
	<source>
		<database>Unknown</database>
	</source>
	<size>
		<width>194</width>
		<height>259</height>
		<depth>3</depth>
	</size>
	<segmented>0</segmented>
	<object>
		<name>number-plate</name>
		<pose>Unspecified</pose>
		<truncated>0</truncated>
		<difficult>0</difficult>
		<bndbox>
			<xmin>43</xmin>
			<ymin>147</ymin>
			<xmax>94</xmax>
			<ymax>188</ymax>
		</bndbox>
	</object>
</annotation>
