<annotation>
	<folder>samples project</folder>
	<filename>images-19.jpg</filename>
	<path>/Users/danhloc/Desktop/samples project/images-19.jpg</path>
	<source>
		<database>Unknown</database>
	</source>
	<size>
		<width>284</width>
		<height>177</height>
		<depth>3</depth>
	</size>
	<segmented>0</segmented>
	<object>
		<name>number-plate</name>
		<pose>Unspecified</pose>
		<truncated>0</truncated>
		<difficult>0</difficult>
		<bndbox>
			<xmin>99</xmin>
			<ymin>79</ymin>
			<xmax>175</xmax>
			<ymax>98</ymax>
		</bndbox>
	</object>
</annotation>
