<annotation>
	<folder>samples project</folder>
	<filename>images-24.jpg</filename>
	<path>/Users/danhloc/Desktop/samples project/images-24.jpg</path>
	<source>
		<database>Unknown</database>
	</source>
	<size>
		<width>283</width>
		<height>178</height>
		<depth>3</depth>
	</size>
	<segmented>0</segmented>
	<object>
		<name>number-plate</name>
		<pose>Unspecified</pose>
		<truncated>0</truncated>
		<difficult>0</difficult>
		<bndbox>
			<xmin>104</xmin>
			<ymin>101</ymin>
			<xmax>169</xmax>
			<ymax>132</ymax>
		</bndbox>
	</object>
</annotation>
