<annotation>
	<folder>samples project</folder>
	<filename>images-41.jpg</filename>
	<path>/Users/danhloc/Desktop/samples project/images-41.jpg</path>
	<source>
		<database>Unknown</database>
	</source>
	<size>
		<width>247</width>
		<height>204</height>
		<depth>3</depth>
	</size>
	<segmented>0</segmented>
	<object>
		<name>number-plate</name>
		<pose>Unspecified</pose>
		<truncated>0</truncated>
		<difficult>0</difficult>
		<bndbox>
			<xmin>125</xmin>
			<ymin>122</ymin>
			<xmax>201</xmax>
			<ymax>155</ymax>
		</bndbox>
	</object>
</annotation>
