<annotation>
	<folder>samples project</folder>
	<filename>images-33.jpg</filename>
	<path>/Users/danhloc/Desktop/samples project/images-33.jpg</path>
	<source>
		<database>Unknown</database>
	</source>
	<size>
		<width>220</width>
		<height>229</height>
		<depth>3</depth>
	</size>
	<segmented>0</segmented>
	<object>
		<name>number-plate</name>
		<pose>Unspecified</pose>
		<truncated>0</truncated>
		<difficult>0</difficult>
		<bndbox>
			<xmin>74</xmin>
			<ymin>108</ymin>
			<xmax>139</xmax>
			<ymax>153</ymax>
		</bndbox>
	</object>
</annotation>
