<annotation>
	<folder>samples project</folder>
	<filename>imagesp0.jpg</filename>
	<path>/Users/danhloc/Desktop/samples project/imagesp0.jpg</path>
	<source>
		<database>Unknown</database>
	</source>
	<size>
		<width>269</width>
		<height>188</height>
		<depth>3</depth>
	</size>
	<segmented>0</segmented>
	<object>
		<name>number-plate</name>
		<pose>Unspecified</pose>
		<truncated>0</truncated>
		<difficult>0</difficult>
		<bndbox>
			<xmin>84</xmin>
			<ymin>148</ymin>
			<xmax>153</xmax>
			<ymax>162</ymax>
		</bndbox>
	</object>
</annotation>
