<annotation>
	<folder>samples project</folder>
	<filename>images-13.jpg</filename>
	<path>/Users/danhloc/Desktop/samples project/images-13.jpg</path>
	<source>
		<database>Unknown</database>
	</source>
	<size>
		<width>324</width>
		<height>156</height>
		<depth>3</depth>
	</size>
	<segmented>0</segmented>
	<object>
		<name>number-plate</name>
		<pose>Unspecified</pose>
		<truncated>0</truncated>
		<difficult>0</difficult>
		<bndbox>
			<xmin>65</xmin>
			<ymin>35</ymin>
			<xmax>233</xmax>
			<ymax>118</ymax>
		</bndbox>
	</object>
</annotation>
