<annotation>
	<folder>samples project</folder>
	<filename>images-10.jpg</filename>
	<path>/Users/danhloc/Desktop/samples project/images-10.jpg</path>
	<source>
		<database>Unknown</database>
	</source>
	<size>
		<width>290</width>
		<height>174</height>
		<depth>3</depth>
	</size>
	<segmented>0</segmented>
	<object>
		<name>number-plate</name>
		<pose>Unspecified</pose>
		<truncated>0</truncated>
		<difficult>0</difficult>
		<bndbox>
			<xmin>113</xmin>
			<ymin>100</ymin>
			<xmax>188</xmax>
			<ymax>119</ymax>
		</bndbox>
	</object>
</annotation>
