<annotation>
	<folder>samples project</folder>
	<filename>images-4.jpg</filename>
	<path>/Users/danhloc/Desktop/samples project/images-4.jpg</path>
	<source>
		<database>Unknown</database>
	</source>
	<size>
		<width>298</width>
		<height>169</height>
		<depth>3</depth>
	</size>
	<segmented>0</segmented>
	<object>
		<name>number-plate</name>
		<pose>Unspecified</pose>
		<truncated>0</truncated>
		<difficult>0</difficult>
		<bndbox>
			<xmin>111</xmin>
			<ymin>67</ymin>
			<xmax>205</xmax>
			<ymax>86</ymax>
		</bndbox>
	</object>
</annotation>
