<annotation>
	<folder>samples project</folder>
	<filename>images-3.jpg</filename>
	<path>/Users/danhloc/Desktop/samples project/images-3.jpg</path>
	<source>
		<database>Unknown</database>
	</source>
	<size>
		<width>259</width>
		<height>194</height>
		<depth>3</depth>
	</size>
	<segmented>0</segmented>
	<object>
		<name>number-plate</name>
		<pose>Unspecified</pose>
		<truncated>0</truncated>
		<difficult>0</difficult>
		<bndbox>
			<xmin>96</xmin>
			<ymin>157</ymin>
			<xmax>169</xmax>
			<ymax>171</ymax>
		</bndbox>
	</object>
</annotation>
