<annotation>
	<folder>samples project</folder>
	<filename>images.jpg</filename>
	<path>/Users/danhloc/Desktop/samples project/images.jpg</path>
	<source>
		<database>Unknown</database>
	</source>
	<size>
		<width>280</width>
		<height>180</height>
		<depth>3</depth>
	</size>
	<segmented>0</segmented>
	<object>
		<name>number-plate</name>
		<pose>Unspecified</pose>
		<truncated>0</truncated>
		<difficult>0</difficult>
		<bndbox>
			<xmin>96</xmin>
			<ymin>144</ymin>
			<xmax>190</xmax>
			<ymax>163</ymax>
		</bndbox>
	</object>
</annotation>
