<annotation>
	<folder>samples project</folder>
	<filename>images-16.jpg</filename>
	<path>/Users/danhloc/Desktop/samples project/images-16.jpg</path>
	<source>
		<database>Unknown</database>
	</source>
	<size>
		<width>300</width>
		<height>168</height>
		<depth>3</depth>
	</size>
	<segmented>0</segmented>
	<object>
		<name>number-plate</name>
		<pose>Unspecified</pose>
		<truncated>0</truncated>
		<difficult>0</difficult>
		<bndbox>
			<xmin>193</xmin>
			<ymin>116</ymin>
			<xmax>244</xmax>
			<ymax>128</ymax>
		</bndbox>
	</object>
</annotation>
