<annotation>
	<folder>samples project</folder>
	<filename>images-34.jpg</filename>
	<path>/Users/danhloc/Desktop/samples project/images-34.jpg</path>
	<source>
		<database>Unknown</database>
	</source>
	<size>
		<width>297</width>
		<height>170</height>
		<depth>3</depth>
	</size>
	<segmented>0</segmented>
	<object>
		<name>number-plate</name>
		<pose>Unspecified</pose>
		<truncated>0</truncated>
		<difficult>0</difficult>
		<bndbox>
			<xmin>109</xmin>
			<ymin>55</ymin>
			<xmax>199</xmax>
			<ymax>121</ymax>
		</bndbox>
	</object>
</annotation>
