<annotation>
	<folder>samples project</folder>
	<filename>images-26.jpg</filename>
	<path>/Users/danhloc/Desktop/samples project/images-26.jpg</path>
	<source>
		<database>Unknown</database>
	</source>
	<size>
		<width>275</width>
		<height>183</height>
		<depth>3</depth>
	</size>
	<segmented>0</segmented>
	<object>
		<name>number-plate</name>
		<pose>Unspecified</pose>
		<truncated>0</truncated>
		<difficult>0</difficult>
		<bndbox>
			<xmin>77</xmin>
			<ymin>59</ymin>
			<xmax>227</xmax>
			<ymax>99</ymax>
		</bndbox>
	</object>
</annotation>
