<annotation>
	<folder>samples project</folder>
	<filename>images-5.jpg</filename>
	<path>/Users/danhloc/Desktop/samples project/images-5.jpg</path>
	<source>
		<database>Unknown</database>
	</source>
	<size>
		<width>241</width>
		<height>209</height>
		<depth>3</depth>
	</size>
	<segmented>0</segmented>
	<object>
		<name>number-plate</name>
		<pose>Unspecified</pose>
		<truncated>0</truncated>
		<difficult>0</difficult>
		<bndbox>
			<xmin>95</xmin>
			<ymin>133</ymin>
			<xmax>161</xmax>
			<ymax>148</ymax>
		</bndbox>
	</object>
</annotation>
