<annotation>
	<folder>samples project</folder>
	<filename>images-35.jpg</filename>
	<path>/Users/danhloc/Desktop/samples project/images-35.jpg</path>
	<source>
		<database>Unknown</database>
	</source>
	<size>
		<width>275</width>
		<height>183</height>
		<depth>3</depth>
	</size>
	<segmented>0</segmented>
	<object>
		<name>number-plate</name>
		<pose>Unspecified</pose>
		<truncated>0</truncated>
		<difficult>0</difficult>
		<bndbox>
			<xmin>79</xmin>
			<ymin>70</ymin>
			<xmax>167</xmax>
			<ymax>135</ymax>
		</bndbox>
	</object>
</annotation>
