<annotation>
	<folder>samples project</folder>
	<filename>z5767906723279_42d05163812b640221f25bebb380f52d.jpg</filename>
	<path>/Users/danhloc/Desktop/samples project/z5767906723279_42d05163812b640221f25bebb380f52d.jpg</path>
	<source>
		<database>Unknown</database>
	</source>
	<size>
		<width>1280</width>
		<height>960</height>
		<depth>3</depth>
	</size>
	<segmented>0</segmented>
	<object>
		<name>number-plate</name>
		<pose>Unspecified</pose>
		<truncated>0</truncated>
		<difficult>0</difficult>
		<bndbox>
			<xmin>594</xmin>
			<ymin>556</ymin>
			<xmax>727</xmax>
			<ymax>654</ymax>
		</bndbox>
	</object>
</annotation>
