<annotation>
	<folder>samples</folder>
	<filename>1.jpg</filename>
	<path>C:\Users\VIP\Downloads\License-Plate-Recognition-master\License-Plate-Recognition-master\samples\1.jpg</path>
	<source>
		<database>Unknown</database>
	</source>
	<size>
		<width>472</width>
		<height>303</height>
		<depth>3</depth>
	</size>
	<segmented>0</segmented>
	<object>
		<name>anh1</name>
		<pose>Unspecified</pose>
		<truncated>0</truncated>
		<difficult>0</difficult>
		<bndbox>
			<xmin>199</xmin>
			<ymin>121</ymin>
			<xmax>300</xmax>
			<ymax>158</ymax>
		</bndbox>
	</object>
</annotation>
