<annotation>
	<folder>label</folder>
	<filename>10.jpg</filename>
	<path>C:\Users\VIP\OneDrive\Máy tính\label\10.jpg</path>
	<source>
		<database>Unknown</database>
	</source>
	<size>
		<width>660</width>
		<height>689</height>
		<depth>3</depth>
	</size>
	<segmented>0</segmented>
	<object>
		<name>10</name>
		<pose>Unspecified</pose>
		<truncated>0</truncated>
		<difficult>0</difficult>
		<bndbox>
			<xmin>227</xmin>
			<ymin>317</ymin>
			<xmax>407</xmax>
			<ymax>467</ymax>
		</bndbox>
	</object>
</annotation>
