<annotation>
	<folder>label</folder>
	<filename>11.jpg</filename>
	<path>C:\Users\VIP\OneDrive\Máy tính\label\11.jpg</path>
	<source>
		<database>Unknown</database>
	</source>
	<size>
		<width>500</width>
		<height>320</height>
		<depth>3</depth>
	</size>
	<segmented>0</segmented>
	<object>
		<name>11</name>
		<pose>Unspecified</pose>
		<truncated>0</truncated>
		<difficult>0</difficult>
		<bndbox>
			<xmin>230</xmin>
			<ymin>164</ymin>
			<xmax>330</xmax>
			<ymax>233</ymax>
		</bndbox>
	</object>
</annotation>
