<annotation>
	<folder>label</folder>
	<filename>12.jpg</filename>
	<path>C:\Users\VIP\OneDrive\Máy tính\label\12.jpg</path>
	<source>
		<database>Unknown</database>
	</source>
	<size>
		<width>600</width>
		<height>448</height>
		<depth>3</depth>
	</size>
	<segmented>0</segmented>
	<object>
		<name>12</name>
		<pose>Unspecified</pose>
		<truncated>0</truncated>
		<difficult>0</difficult>
		<bndbox>
			<xmin>244</xmin>
			<ymin>181</ymin>
			<xmax>430</xmax>
			<ymax>317</ymax>
		</bndbox>
	</object>
</annotation>
