<annotation>
	<folder>label</folder>
	<filename>15.jpg</filename>
	<path>C:\Users\VIP\OneDrive\Máy tính\label\15.jpg</path>
	<source>
		<database>Unknown</database>
	</source>
	<size>
		<width>640</width>
		<height>480</height>
		<depth>3</depth>
	</size>
	<segmented>0</segmented>
	<object>
		<name>15</name>
		<pose>Unspecified</pose>
		<truncated>0</truncated>
		<difficult>0</difficult>
		<bndbox>
			<xmin>246</xmin>
			<ymin>238</ymin>
			<xmax>439</xmax>
			<ymax>382</ymax>
		</bndbox>
	</object>
</annotation>
