<annotation>
	<folder>label</folder>
	<filename>20.jpg</filename>
	<path>C:\Users\VIP\OneDrive\Máy tính\label\20.jpg</path>
	<source>
		<database>Unknown</database>
	</source>
	<size>
		<width>720</width>
		<height>617</height>
		<depth>3</depth>
	</size>
	<segmented>0</segmented>
	<object>
		<name>20</name>
		<pose>Unspecified</pose>
		<truncated>0</truncated>
		<difficult>0</difficult>
		<bndbox>
			<xmin>229</xmin>
			<ymin>175</ymin>
			<xmax>549</xmax>
			<ymax>396</ymax>
		</bndbox>
	</object>
</annotation>
