<annotation>
	<folder>label</folder>
	<filename>23.jpg</filename>
	<path>C:\Users\VIP\OneDrive\Máy tính\label\23.jpg</path>
	<source>
		<database>Unknown</database>
	</source>
	<size>
		<width>700</width>
		<height>467</height>
		<depth>3</depth>
	</size>
	<segmented>0</segmented>
	<object>
		<name>23</name>
		<pose>Unspecified</pose>
		<truncated>0</truncated>
		<difficult>0</difficult>
		<bndbox>
			<xmin>463</xmin>
			<ymin>291</ymin>
			<xmax>575</xmax>
			<ymax>381</ymax>
		</bndbox>
	</object>
</annotation>
