<annotation>
	<folder>label</folder>
	<filename>24.jpg</filename>
	<path>C:\Users\VIP\OneDrive\Máy tính\label\24.jpg</path>
	<source>
		<database>Unknown</database>
	</source>
	<size>
		<width>500</width>
		<height>348</height>
		<depth>3</depth>
	</size>
	<segmented>0</segmented>
	<object>
		<name>24</name>
		<pose>Unspecified</pose>
		<truncated>0</truncated>
		<difficult>0</difficult>
		<bndbox>
			<xmin>163</xmin>
			<ymin>200</ymin>
			<xmax>298</xmax>
			<ymax>299</ymax>
		</bndbox>
	</object>
</annotation>
