<annotation>
	<folder>label</folder>
	<filename>31.jpg</filename>
	<path>C:\Users\VIP\OneDrive\Máy tính\label\31.jpg</path>
	<source>
		<database>Unknown</database>
	</source>
	<size>
		<width>512</width>
		<height>291</height>
		<depth>3</depth>
	</size>
	<segmented>0</segmented>
	<object>
		<name>31</name>
		<pose>Unspecified</pose>
		<truncated>0</truncated>
		<difficult>0</difficult>
		<bndbox>
			<xmin>192</xmin>
			<ymin>115</ymin>
			<xmax>354</xmax>
			<ymax>149</ymax>
		</bndbox>
	</object>
</annotation>
