<annotation>
	<folder>label</folder>
	<filename>33.jpg</filename>
	<path>C:\Users\VIP\OneDrive\Máy tính\label\33.jpg</path>
	<source>
		<database>Unknown</database>
	</source>
	<size>
		<width>593</width>
		<height>436</height>
		<depth>3</depth>
	</size>
	<segmented>0</segmented>
	<object>
		<name>33</name>
		<pose>Unspecified</pose>
		<truncated>0</truncated>
		<difficult>0</difficult>
		<bndbox>
			<xmin>211</xmin>
			<ymin>174</ymin>
			<xmax>346</xmax>
			<ymax>272</ymax>
		</bndbox>
	</object>
</annotation>
