<annotation>
	<folder>label</folder>
	<filename>38.jpg</filename>
	<path>C:\Users\VIP\OneDrive\Máy tính\label\38.jpg</path>
	<source>
		<database>Unknown</database>
	</source>
	<size>
		<width>760</width>
		<height>413</height>
		<depth>3</depth>
	</size>
	<segmented>0</segmented>
	<object>
		<name>38</name>
		<pose>Unspecified</pose>
		<truncated>0</truncated>
		<difficult>0</difficult>
		<bndbox>
			<xmin>476</xmin>
			<ymin>179</ymin>
			<xmax>622</xmax>
			<ymax>275</ymax>
		</bndbox>
	</object>
</annotation>
