<annotation>
	<folder>label</folder>
	<filename>39.jpg</filename>
	<path>C:\Users\VIP\OneDrive\Máy tính\label\39.jpg</path>
	<source>
		<database>Unknown</database>
	</source>
	<size>
		<width>472</width>
		<height>303</height>
		<depth>3</depth>
	</size>
	<segmented>0</segmented>
	<object>
		<name>39</name>
		<pose>Unspecified</pose>
		<truncated>0</truncated>
		<difficult>0</difficult>
		<bndbox>
			<xmin>211</xmin>
			<ymin>166</ymin>
			<xmax>283</xmax>
			<ymax>228</ymax>
		</bndbox>
	</object>
</annotation>
