<annotation>
	<folder>label</folder>
	<filename>43.jpg</filename>
	<path>C:\Users\VIP\OneDrive\Máy tính\label\43.jpg</path>
	<source>
		<database>Unknown</database>
	</source>
	<size>
		<width>472</width>
		<height>303</height>
		<depth>3</depth>
	</size>
	<segmented>0</segmented>
	<object>
		<name>43</name>
		<pose>Unspecified</pose>
		<truncated>0</truncated>
		<difficult>0</difficult>
		<bndbox>
			<xmin>166</xmin>
			<ymin>87</ymin>
			<xmax>244</xmax>
			<ymax>150</ymax>
		</bndbox>
	</object>
</annotation>
