<annotation>
	<folder>label</folder>
	<filename>44.jpg</filename>
	<path>C:\Users\VIP\OneDrive\Máy tính\label\44.jpg</path>
	<source>
		<database>Unknown</database>
	</source>
	<size>
		<width>472</width>
		<height>303</height>
		<depth>3</depth>
	</size>
	<segmented>0</segmented>
	<object>
		<name>44</name>
		<pose>Unspecified</pose>
		<truncated>0</truncated>
		<difficult>0</difficult>
		<bndbox>
			<xmin>167</xmin>
			<ymin>152</ymin>
			<xmax>229</xmax>
			<ymax>211</ymax>
		</bndbox>
	</object>
</annotation>
