<annotation>
	<folder>label</folder>
	<filename>46.jpg</filename>
	<path>C:\Users\VIP\OneDrive\Máy tính\label\46.jpg</path>
	<source>
		<database>Unknown</database>
	</source>
	<size>
		<width>472</width>
		<height>303</height>
		<depth>3</depth>
	</size>
	<segmented>0</segmented>
	<object>
		<name>46</name>
		<pose>Unspecified</pose>
		<truncated>0</truncated>
		<difficult>0</difficult>
		<bndbox>
			<xmin>159</xmin>
			<ymin>133</ymin>
			<xmax>263</xmax>
			<ymax>171</ymax>
		</bndbox>
	</object>
</annotation>
