<annotation>
	<folder>label</folder>
	<filename>48.jpg</filename>
	<path>C:\Users\VIP\OneDrive\Máy tính\label\48.jpg</path>
	<source>
		<database>Unknown</database>
	</source>
	<size>
		<width>660</width>
		<height>413</height>
		<depth>3</depth>
	</size>
	<segmented>0</segmented>
	<object>
		<name>48</name>
		<pose>Unspecified</pose>
		<truncated>0</truncated>
		<difficult>0</difficult>
		<bndbox>
			<xmin>329</xmin>
			<ymin>70</ymin>
			<xmax>576</xmax>
			<ymax>287</ymax>
		</bndbox>
	</object>
</annotation>
