<annotation>
	<folder>label</folder>
	<filename>49.jpg</filename>
	<path>C:\Users\VIP\OneDrive\Máy tính\label\49.jpg</path>
	<source>
		<database>Unknown</database>
	</source>
	<size>
		<width>768</width>
		<height>455</height>
		<depth>3</depth>
	</size>
	<segmented>0</segmented>
	<object>
		<name>49</name>
		<pose>Unspecified</pose>
		<truncated>0</truncated>
		<difficult>0</difficult>
		<bndbox>
			<xmin>354</xmin>
			<ymin>376</ymin>
			<xmax>406</xmax>
			<ymax>433</ymax>
		</bndbox>
	</object>
</annotation>
