<annotation>
	<folder>label</folder>
	<filename>4_55378.jpg</filename>
	<path>C:\Users\VIP\OneDrive\Máy tính\label\4_55378.jpg</path>
	<source>
		<database>Unknown</database>
	</source>
	<size>
		<width>1000</width>
		<height>625</height>
		<depth>3</depth>
	</size>
	<segmented>0</segmented>
	<object>
		<name>4_55378</name>
		<pose>Unspecified</pose>
		<truncated>0</truncated>
		<difficult>0</difficult>
		<bndbox>
			<xmin>344</xmin>
			<ymin>279</ymin>
			<xmax>615</xmax>
			<ymax>358</ymax>
		</bndbox>
	</object>
</annotation>
