<annotation>
	<folder>label</folder>
	<filename>50.jpg</filename>
	<path>C:\Users\VIP\OneDrive\Máy tính\label\50.jpg</path>
	<source>
		<database>Unknown</database>
	</source>
	<size>
		<width>541</width>
		<height>372</height>
		<depth>3</depth>
	</size>
	<segmented>0</segmented>
	<object>
		<name>50</name>
		<pose>Unspecified</pose>
		<truncated>0</truncated>
		<difficult>0</difficult>
		<bndbox>
			<xmin>127</xmin>
			<ymin>316</ymin>
			<xmax>282</xmax>
			<ymax>368</ymax>
		</bndbox>
	</object>
</annotation>
