<annotation>
	<folder>label</folder>
	<filename>8.jpg</filename>
	<path>C:\Users\VIP\OneDrive\Máy tính\label\8.jpg</path>
	<source>
		<database>Unknown</database>
	</source>
	<size>
		<width>720</width>
		<height>512</height>
		<depth>3</depth>
	</size>
	<segmented>0</segmented>
	<object>
		<name>8</name>
		<pose>Unspecified</pose>
		<truncated>0</truncated>
		<difficult>0</difficult>
		<bndbox>
			<xmin>254</xmin>
			<ymin>244</ymin>
			<xmax>462</xmax>
			<ymax>385</ymax>
		</bndbox>
	</object>
</annotation>
